Workbook

Sheet Дано
A1: Вхідні дані для ЛПР13, варіант 3
A3: Параметр | B3: Значення
A4: Варіант | B4: 3
A5: Задача 2 | B5: 2.3
A6: Задача 3 | B6: 3.2
A7: Задача 4 | B7: 4.3
A9: Інтервал | B9: Ліва межа | C9: Права межа | D9: Частота ni | F9: Дані задачі 4.3 | G9: Значення
A10: 4–6 | B10: 4 | C10: 6 | D10: 8 | F10: σ | G10: 4.5
A11: 6–8 | B11: 6 | C11: 8 | D11: 25 | F11: x̄ | G11: 15.6
A12: 8–10 | B12: 8 | C12: 10 | D12: 30 | F12: n | G12: 100
A13: 10–12 | B13: 10 | C13: 12 | D13: 20 | F13: γ | G13: 0.99
A14: 12–14 | B14: 12 | C14: 14 | D14: 10
A15: 14–16 | B15: 14 | C15: 16 | D15: 7

Sheet Задача 2.3
A1: Задача 2.3 — гістограма відносних частот
A3: Інтервал | B3: Ліва межа | C3: Права межа | D3: ni | E3: pi = ni/n | F3: h | G3: f* = pi/h
A4: =Дано!A10 -> 4–6 | B4: =Дано!B10 -> 4 | C4: =Дано!C10 -> 6 | D4: =Дано!D10 -> 8 | E4: =D4/$D$10 -> 0.08 | F4: =C4-B4 -> 2 | G4: =E4/(C4-B4) -> 0.04
A5: =Дано!A11 -> 6–8 | B5: =Дано!B11 -> 6 | C5: =Дано!C11 -> 8 | D5: =Дано!D11 -> 25 | E5: =D5/$D$10 -> 0.25 | F5: =C5-B5 -> 2 | G5: =E5/(C5-B5) -> 0.125
A6: =Дано!A12 -> 8–10 | B6: =Дано!B12 -> 8 | C6: =Дано!C12 -> 10 | D6: =Дано!D12 -> 30 | E6: =D6/$D$10 -> 0.3 | F6: =C6-B6 -> 2 | G6: =E6/(C6-B6) -> 0.15
A7: =Дано!A13 -> 10–12 | B7: =Дано!B13 -> 10 | C7: =Дано!C13 -> 12 | D7: =Дано!D13 -> 20 | E7: =D7/$D$10 -> 0.2 | F7: =C7-B7 -> 2 | G7: =E7/(C7-B7) -> 0.1
A8: =Дано!A14 -> 12–14 | B8: =Дано!B14 -> 12 | C8: =Дано!C14 -> 14 | D8: =Дано!D14 -> 10 | E8: =D8/$D$10 -> 0.1 | F8: =C8-B8 -> 2 | G8: =E8/(C8-B8) -> 0.05
A9: =Дано!A15 -> 14–16 | B9: =Дано!B15 -> 14 | C9: =Дано!C15 -> 16 | D9: =Дано!D15 -> 7 | E9: =D9/$D$10 -> 0.07 | F9: =C9-B9 -> 2 | G9: =E9/(C9-B9) -> 0.035
A10: Σ | D10: =SUM(D4:D9) -> 100 | E10: 1
A12: Підсумок | B12: Значення
A13: n | B13: =D10 -> 100
A14: Сума pi | B14: =E10 -> 1

Sheet Задача 3.2
A1: Задача 3.2 — вибіркове середнє та дисперсія за рядом 2.3
A3: Інтервал | B3: ni | C3: Звідки взято
A4: =Дано!A10 -> 4–6 | B4: =Дано!D10 -> 8 | C4: Задача 2.3
A5: =Дано!A11 -> 6–8 | B5: =Дано!D11 -> 25 | C5: Задача 2.3
A6: =Дано!A12 -> 8–10 | B6: =Дано!D12 -> 30 | C6: Задача 2.3
A7: =Дано!A13 -> 10–12 | B7: =Дано!D13 -> 20 | C7: Задача 2.3
A8: =Дано!A14 -> 12–14 | B8: =Дано!D14 -> 10 | C8: Задача 2.3
A9: =Дано!A15 -> 14–16 | B9: =Дано!D15 -> 7 | C9: Задача 2.3
A12: Інтервал | B12: Ліва межа | C12: Права межа | D12: xi | E12: ni | F12: ni·xi | G12: xi² | H12: ni·xi²
A13: =Дано!A10 -> 4–6 | B13: =Дано!B10 -> 4 | C13: =Дано!C10 -> 6 | D13: =(B13+C13)/2 -> 5 | E13: =Дано!D10 -> 8 | F13: =D13*E13 -> 40 | G13: =D13^2 -> 25 | H13: =E13*G13 -> 200
A14: =Дано!A11 -> 6–8 | B14: =Дано!B11 -> 6 | C14: =Дано!C11 -> 8 | D14: =(B14+C14)/2 -> 7 | E14: =Дано!D11 -> 25 | F14: =D14*E14 -> 175 | G14: =D14^2 -> 49 | H14: =E14*G14 -> 1225
A15: =Дано!A12 -> 8–10 | B15: =Дано!B12 -> 8 | C15: =Дано!C12 -> 10 | D15: =(B15+C15)/2 -> 9 | E15: =Дано!D12 -> 30 | F15: =D15*E15 -> 270 | G15: =D15^2 -> 81 | H15: =E15*G15 -> 2430
A16: =Дано!A13 -> 10–12 | B16: =Дано!B13 -> 10 | C16: =Дано!C13 -> 12 | D16: =(B16+C16)/2 -> 11 | E16: =Дано!D13 -> 20 | F16: =D16*E16 -> 220 | G16: =D16^2 -> 121 | H16: =E16*G16 -> 2420
A17: =Дано!A14 -> 12–14 | B17: =Дано!B14 -> 12 | C17: =Дано!C14 -> 14 | D17: =(B17+C17)/2 -> 13 | E17: =Дано!D14 -> 10 | F17: =D17*E17 -> 130 | G17: =D17^2 -> 169 | H17: =E17*G17 -> 1690
A18: =Дано!A15 -> 14–16 | B18: =Дано!B15 -> 14 | C18: =Дано!C15 -> 16 | D18: =(B18+C18)/2 -> 15 | E18: =Дано!D15 -> 7 | F18: =D18*E18 -> 105 | G18: =D18^2 -> 225 | H18: =E18*G18 -> 1575
A19: Σ | E19: =SUM(E13:E18) -> 100 | F19: =SUM(F13:F18) -> 940 | H19: =SUM(H13:H18) -> 9540
A21: Показник | B21: Значення | D21: Висновок
A22: n | B22: =E19 -> 100 | D22: За інтервальним рядом 2.3 отримано: x̄ = 9,4; Dв = 7,04.
A23: x̄ | B23: =F19/E19 -> 9.4
A24: Dв | B24: =H19/E19-B23^2 -> 7.04

Sheet Задача 4.3
A1: Задача 4.3 — надійний інтервал для математичного сподівання
A3: Дано | B3: Значення | D3: Розрахунок
A4: σ | B4: =Дано!G10 -> 4.5 | D4: Δ = 2,576 · 4,5 / √100 = 1,1592
A5: x̄ | B5: =Дано!G11 -> 15.6 | D5: a ∈ (15,6 − 1,1592; 15,6 + 1,1592)
A6: n | B6: =Дано!G12 -> 100 | D6: a ∈ (14,4408; 16,7592)
A7: γ | B7: =Дано!G13 -> 0.99
A10: Проміжний результат | B10: Значення
A11: zγ для γ = 0,99 | B11: 2.576
A12: √n | B12: =B6^0.5 -> 10
A13: Δ = zγ·σ/√n | B13: =B11*B4/B12 -> 1.1592
A14: Нижня межа | B14: =B5-B13 -> 14.4408
A15: Верхня межа | B15: =B5+B13 -> 16.7592
A17: Відповідь
A18: Надійний інтервал: a ∈ (14,4408; 16,7592).
